<?xml version = "1.0" encoding = "UTF-8"?>
<!DOCTYPE suite SYSTEM "http://testng.org/testng-1.0.dtd" >
<suite name = "Suite1">

    <test name = "Add Booking">
        <classes>
            <class name="Testcases.AddBookingAssertion">
                <methods>

                    <include name="addBooking"></include>

                </methods>
            </class>
        </classes>
    </test>

    <test name = "Add Subscription Booking">
        <classes>
            <class name="Testcases.AddSubscriptionBookingAssertion">
                <methods>

                    <include name="addSubsBooking"></include>

                </methods>
            </class>
        </classes>
    </test>

    <test name = "Cancel Booking ">
        <classes>
            <class name="Testcases.CancelBookingAssertion">
                <methods>

                    <include name="cancelBooking"></include>

                </methods>
            </class>
        </classes>
    </test>

    <test name = "Cancel Booking Event ">
        <classes>
            <class name="Testcases.CancelBookingEventAssertion">
                <methods>

                    <include name="canceleventBooking"></include>

                </methods>
            </class>
        </classes>
    </test>

    <test name = "Customer Detail ">
        <classes>
            <class name="Testcases.CustomerDetailAssertion">
                <methods>

                    <include name="canceleventBooking"></include>

                </methods>
            </class>
        </classes>
    </test>

    <test name = "Get Token For Ops User">
        <classes>
            <class name="Testcases.GetTokenForOpsUserAssertion">
                <methods>

                    <include name="getToken"></include>

                </methods>
            </class>
        </classes>
    </test>

    <test name = "Get Token For Web User">
        <classes>
            <class name="Testcases.GetTokenForWebUserAssertion">
                <methods>

                    <include name="getToken"></include>

                </methods>
            </class>
        </classes>
    </test>

    <test name = "Remove Credit Card">
        <classes>
            <class name="Testcases.RemoveCreditCardAssertion">
                <methods>

                    <include name="removeCredit"></include>

                </methods>
            </class>
        </classes>
    </test>

    <test name = "Service Locations">
        <classes>
            <class name="Testcases.ServiceLocationsAssertion">
                <methods>

                    <include name="serviceLocations"></include>

                </methods>
            </class>
        </classes>
    </test>

    <test name = "Similar Service Provider">
        <classes>
            <class name="Testcases.SimilarServiceProviderAssertion">
                <methods>

                    <include name="similarserviceProvider"></include>

                </methods>
            </class>
        </classes>
    </test>

    <test name = "Soft booking activation">
        <classes>
            <class name="Testcases.SoftbookingActivationAssertion">
                <methods>

                    <include name="Softbooking"></include>

                </methods>
            </class>
        </classes>
    </test>

    <test name = "Update customer profile">
        <classes>
            <class name="Testcases.UpdateCustomerProfileAssertion">
                <methods>

                    <include name="addBooking"></include>

                </methods>
            </class>
        </classes>
    </test>

    <test name = "User profile">
        <classes>
            <class name="Testcases.UserProfileAssertion">
                <methods>

                    <include name="getUserProfile"></include>

                </methods>
            </class>
        </classes>
    </test>

    <test name = "Get admin token VJ">
        <classes>
            <class name="Testcases.GetAdminToken_VJAssertion">
                <methods>

                    <include name="getToken"></include>

                </methods>
            </class>
        </classes>
    </test>

    <test name = "Get customer token VJ">
        <classes>
            <class name="Testcases.GetCustomerToken_VJAssertion">
                <methods>

                    <include name="getCustomertoken"></include>

                </methods>
            </class>
        </classes>
    </test>

    <test name = "Authentication Customer VJ">
        <classes>
            <class name="Testcases.AuthenticationCustomer_VJAssertion">
                <methods>

                    <include name="authCustomer"></include>

                </methods>
            </class>
        </classes>
    </test>

    <test name = "New token generation VJ">
        <classes>
            <class name="Testcases.NewTokenGeneration_VJAssertion">
                <methods>

                    <include name="newToken"></include>

                </methods>
            </class>
        </classes>
    </test>


    <test name = "Register User VJ">
        <classes>
            <class name="Testcases.RegisterUser_VJAssertion">
                <methods>

                    <include name="registerUser"></include>

                </methods>
            </class>
        </classes>
    </test>



</suite>